,age,daily_usage_hours,num_platforms_used,avg_session_minutes,night_usage,mental_health_score,screen_time_before_sleep
count,10000,10000,10000,10000,10000,10000,10000
mean,19.9807,3.524622829,3.0139,25.09946018,0.5924,7.158883414,39.96756288
std,4.297042467,1.469009517,1.416653621,9.874055995,0.491412646,1.494288124,19.34338317
min,13,0.5,1,5,0,1,0
25%,16,2.487605523,2,18.19318063,0,6.123964455,26.54812663
50%,20,3.505356657,3,25.00464755,1,7.202793028,39.76299378
75%,24,4.529994551,4,31.71366299,1,8.227443756,53.20198109
max,27,9.465156288,5,61.1952927,1,10,115.5883616
